{
    "best_dist": {
        "score": 198.88445342504056,
        "error_count": 202,
        "avg": 0.27319293052890187,
        "weight": [
            0.30000000000000004,
            0.2,
            0.2
        ],
        "norm_score": 0.0,
        "weights": [
            [
                0.30000000000000004,
                0.2,
                0.2
            ]
        ]
    },
    "golden_groups": [
        {
            "stats": {
                "mean": 0.30000000000000004,
                "variance": 0.0,
                "standard_deviation": 0.0,
                "median": 0.30000000000000004,
                "median_low": 0.30000000000000004,
                "median_high": 0.30000000000000004,
                "median_grouped": 0.30000000000000004,
                "mode": 0.30000000000000004
            },
            "data": [
                [
                    3,
                    3
                ]
            ]
        },
        {
            "stats": {
                "mean": 0.2,
                "variance": 0.0,
                "standard_deviation": 0.0,
                "median": 0.2,
                "median_low": 0.2,
                "median_high": 0.2,
                "median_grouped": 0.2,
                "mode": 0.2
            },
            "data": [
                [
                    2,
                    2
                ]
            ]
        },
        {
            "stats": {
                "mean": 0.2,
                "variance": 0.0,
                "standard_deviation": 0.0,
                "median": 0.2,
                "median_low": 0.2,
                "median_high": 0.2,
                "median_grouped": 0.2,
                "mode": 0.2
            },
            "data": [
                [
                    2,
                    2
                ]
            ]
        }
    ]
}